<?xml version="1.0" encoding="UTF-8"?>
<project-private xmlns="http://www.netbeans.org/ns/project-private/1">
    <editor-bookmarks xmlns="http://www.netbeans.org/ns/editor-bookmarks/2" lastBookmarkId="0"/>
    <open-files xmlns="http://www.netbeans.org/ns/projectui-open-files/2">
        <group>
            <file>file:/X:/AKADEMIK/Perkuliahan/Semester3/Pemrograman%20Berorientasi%20Objek/Week10/Praktikum/w10s02_11318066/pbo_w10s02_11318066/src/del/ac/id/tugas/Tugas1/Main.java</file>
            <file>file:/X:/AKADEMIK/Perkuliahan/Semester3/Pemrograman%20Berorientasi%20Objek/Week10/Praktikum/w10s02_11318066/pbo_w10s02_11318066/src/del/ac/id/tugas/Tugas2/Main.java</file>
        </group>
    </open-files>
</project-private>
