<?xml version="1.0" encoding="UTF-8"?>
<project-private xmlns="http://www.netbeans.org/ns/project-private/1">
    <editor-bookmarks xmlns="http://www.netbeans.org/ns/editor-bookmarks/2" lastBookmarkId="0"/>
    <open-files xmlns="http://www.netbeans.org/ns/projectui-open-files/2">
        <group>
            <file>file:/X:/AKADEMIK/Perkuliahan/Semester3/Pemrograman%20Berorientasi%20Objek/Week12/Praktikum/JDBCSample/src/Challenge/TMahasiswa.java</file>
            <file>file:/X:/AKADEMIK/Perkuliahan/Semester3/Pemrograman%20Berorientasi%20Objek/Week12/Praktikum/JDBCSample/src/jdbcsample/TMahasiswa.java</file>
            <file>file:/X:/AKADEMIK/Perkuliahan/Semester3/Pemrograman%20Berorientasi%20Objek/Week12/Praktikum/JDBCSample/src/Challenge/TMataKuliah.java</file>
            <file>file:/X:/AKADEMIK/Perkuliahan/Semester3/Pemrograman%20Berorientasi%20Objek/Week12/Praktikum/JDBCSample/src/jdbcsample/JDBCSample.java</file>
            <file>file:/X:/AKADEMIK/Perkuliahan/Semester3/Pemrograman%20Berorientasi%20Objek/Week12/Praktikum/JDBCSample/src/Challenge/TmhsMatkul.java</file>
            <file>file:/X:/AKADEMIK/Perkuliahan/Semester3/Pemrograman%20Berorientasi%20Objek/Week12/Praktikum/JDBCSample/src/Challenge/Driver.java</file>
        </group>
    </open-files>
</project-private>
