<?xml version="1.0" encoding="UTF-8"?>
<project-private xmlns="http://www.netbeans.org/ns/project-private/1">
    <editor-bookmarks xmlns="http://www.netbeans.org/ns/editor-bookmarks/2" lastBookmarkId="0"/>
    <open-files xmlns="http://www.netbeans.org/ns/projectui-open-files/2">
        <group>
            <file>file:/X:/AKADEMIK/Perkuliahan/Semester3/Pemrograman%20Berorientasi%20Objek/Week14/Praktikum/Quis/no2_kuis2_pbo/src/HitungIPS/TMkMhs.java</file>
            <file>file:/X:/AKADEMIK/Perkuliahan/Semester3/Pemrograman%20Berorientasi%20Objek/Week14/Praktikum/Quis/no2_kuis2_pbo/src/HitungIPS/TMahasiswa.java</file>
            <file>file:/X:/AKADEMIK/Perkuliahan/Semester3/Pemrograman%20Berorientasi%20Objek/Week14/Praktikum/Quis/no2_kuis2_pbo/src/HitungIPS/TMataKuliah.java</file>
            <file>file:/X:/AKADEMIK/Perkuliahan/Semester3/Pemrograman%20Berorientasi%20Objek/Week14/Praktikum/Quis/no2_kuis2_pbo/src/HitungIPS/GeneralUtils.java</file>
            <file>file:/X:/AKADEMIK/Perkuliahan/Semester3/Pemrograman%20Berorientasi%20Objek/Week14/Praktikum/Quis/no2_kuis2_pbo/src/HitungIPS/JavaFXJDBCApp.java</file>
            <file>file:/X:/AKADEMIK/Perkuliahan/Semester3/Pemrograman%20Berorientasi%20Objek/Week14/Praktikum/Quis/no2_kuis2_pbo/src/HitungIPS/DBUtils.java</file>
        </group>
    </open-files>
</project-private>
