<?xml version="1.0" encoding="UTF-8"?>
<project-private xmlns="http://www.netbeans.org/ns/project-private/1">
    <editor-bookmarks xmlns="http://www.netbeans.org/ns/editor-bookmarks/2" lastBookmarkId="0"/>
    <open-files xmlns="http://www.netbeans.org/ns/projectui-open-files/2">
        <group>
            <file>file:/E:/Yos/11318066_UTS_PBO/src/del/ac/id/yosepri/Dosen.java</file>
            <file>file:/E:/Yos/11318066_UTS_PBO/src/del/ac/id/yosepri/DosenPermanen.java</file>
            <file>file:/E:/Yos/11318066_UTS_PBO/src/del/ac/id/yosepri/Driver.java</file>
            <file>file:/E:/Yos/11318066_UTS_PBO/src/del/ac/id/yosepri/Mahasiswa.java</file>
            <file>file:/E:/Yos/11318066_UTS_PBO/src/del/ac/id/yosepri/DosenKontrak.java</file>
            <file>file:/E:/Yos/11318066_UTS_PBO/src/del/ac/id/yosepri/KelompokTA.java</file>
            <file>file:/E:/Yos/11318066_UTS_PBO/src/del/ac/id/yosepri/Manusia.java</file>
        </group>
    </open-files>
</project-private>
