<?xml version="1.0" encoding="UTF-8"?>
<project-private xmlns="http://www.netbeans.org/ns/project-private/1">
    <editor-bookmarks xmlns="http://www.netbeans.org/ns/editor-bookmarks/2" lastBookmarkId="0"/>
    <open-files xmlns="http://www.netbeans.org/ns/projectui-open-files/2">
        <group>
            <file>file:/X:/AKADEMIK/Perkuliahan/Semester3/Pemrograman%20Berorientasi%20Objek/Week13/Praktikum/JavaFXjdbcApp/src/javafxjdbcapp/JavaFXJDBCApp.java</file>
            <file>file:/X:/AKADEMIK/Perkuliahan/Semester3/Pemrograman%20Berorientasi%20Objek/Week13/Praktikum/JavaFXjdbcApp/src/javafxjdbcapp/TMkMhs.java</file>
            <file>file:/X:/AKADEMIK/Perkuliahan/Semester3/Pemrograman%20Berorientasi%20Objek/Week13/Praktikum/JavaFXjdbcApp/src/javafxjdbcapp/GeneralUtils.java</file>
            <file>file:/X:/AKADEMIK/Perkuliahan/Semester3/Pemrograman%20Berorientasi%20Objek/Week13/Praktikum/JavaFXjdbcApp/src/javafxjdbcapp/DBUtils.java</file>
        </group>
    </open-files>
</project-private>
