<?xml version="1.0" encoding="UTF-8"?>
<project-private xmlns="http://www.netbeans.org/ns/project-private/1">
    <editor-bookmarks xmlns="http://www.netbeans.org/ns/editor-bookmarks/2" lastBookmarkId="0"/>
    <open-files xmlns="http://www.netbeans.org/ns/projectui-open-files/2">
        <group>
            <file>file:/X:/AKADEMIK/Perkuliahan/Semester3/Pemrograman%20Berorientasi%20Objek/Week11/Thread/src/Challenge2/Rabbit.java</file>
            <file>file:/X:/AKADEMIK/Perkuliahan/Semester3/Pemrograman%20Berorientasi%20Objek/Week11/Thread/src/Challenge2/RabbitHoleApp.java</file>
            <file>file:/X:/AKADEMIK/Perkuliahan/Semester3/Pemrograman%20Berorientasi%20Objek/Week11/Thread/src/Challenge2/Human.java</file>
            <file>file:/X:/AKADEMIK/Perkuliahan/Semester3/Pemrograman%20Berorientasi%20Objek/Week11/Thread/src/Challenge2/Hole.java</file>
            <file>file:/X:/AKADEMIK/Perkuliahan/Semester3/Pemrograman%20Berorientasi%20Objek/Week11/Thread/src/Challenge2/Counter.java</file>
        </group>
    </open-files>
</project-private>
